[
    {
      "name": "Maio 2025",
      "date": "2025-05",
      "movements": [
        {
          "id": "mov-1",
          "date": "2025-05-05",
          "description": "Salário",
          "value": 5000,
          "type": "entrada",
          "isRecurring": true,
          "recurrenceId": "rec-1"
        },
        {
          "id": "mov-2",
          "date": "2025-05-10",
          "description": "Aluguel",
          "value": 1500,
          "type": "saida",
          "isRecurring": true,
          "recurrenceId": "rec-2"
        },
        {
          "id": "mov-3",
          "date": "2025-05-12",
          "description": "Compra supermercado",
          "value": 300,
          "type": "saida",
          "isRecurring": false
        }
      ]
    },
    {
      "name": "Junho 2025",
      "date": "2025-06",
      "movements": [
        {
          "id": "mov-4",
          "date": "2025-06-05",
          "description": "Salário",
          "value": 5000,
          "type": "entrada",
          "isRecurring": true,
          "recurrenceId": "rec-1"
        },
        {
          "id": "mov-5",
          "date": "2025-06-10",
          "description": "Aluguel",
          "value": 1500,
          "type": "saida",
          "isRecurring": true,
          "recurrenceId": "rec-2"
        }
      ]
    }
  ]
  