[
    {
      "monthName": "Abril de 2025",
      "date": "2025-04",
      "debitTransactions": [
        { "date": "01/04/2025", "description": "Salário", "value": 5000, "type": "entrada" },
        { "date": "02/04/2025", "description": "Aluguel", "value": 1200, "type": "saida" },
        { "date": "03/04/2025", "description": "Supermercado", "value": 600, "type": "saida" },
        { "date": "05/04/2025", "description": "Academia", "value": 150, "type": "saida" },
        { "date": "06/04/2025", "description": "Freelance", "value": 800, "type": "entrada" },
        { "date": "07/04/2025", "description": "Restaurante", "value": 200, "type": "saida" },
        { "date": "10/04/2025", "description": "Internet", "value": 100, "type": "saida" },
        { "date": "12/04/2025", "description": "Consultoria", "value": 900, "type": "entrada" },
        { "date": "14/04/2025", "description": "Farmácia", "value": 180, "type": "saida" },
        { "date": "18/04/2025", "description": "Cinema", "value": 80, "type": "saida" }
      ],
      "creditTransactions": [
        { "date": "04/04/2025", "description": "Cartão Nubank", "value": 400, "type": "saida" },
        { "date": "08/04/2025", "description": "Cartão Itaú", "value": 350, "type": "saida" },
        { "date": "15/04/2025", "description": "Compras Amazon", "value": 600, "type": "saida" },
        { "date": "20/04/2025", "description": "Curso online", "value": 250, "type": "saida" },
        { "date": "25/04/2025", "description": "Cinema", "value": 80, "type": "saida" },
        { "date": "04/04/2025", "description": "Cartão Nubank", "value": 400, "type": "saida" },
        { "date": "08/04/2025", "description": "Cartão Itaú", "value": 350, "type": "saida" },
        { "date": "15/04/2025", "description": "Compras Amazon", "value": 600, "type": "saida" },
        { "date": "20/04/2025", "description": "Curso online", "value": 250, "type": "saida" },
        { "date": "25/04/2025", "description": "Cinema", "value": 80, "type": "saida" }
      ]
    },
    {
      "monthName": "Maio de 2025",
      "date": "2025-05",
      "debitTransactions": [
        { "date": "01/05/2025", "description": "Salário", "value": 5100, "type": "entrada" },
        { "date": "02/05/2025", "description": "Aluguel", "value": 1250, "type": "saida" },
        { "date": "03/05/2025", "description": "Supermercado", "value": 700, "type": "saida" },
        { "date": "05/05/2025", "description": "Academia", "value": 150, "type": "saida" },
        { "date": "06/05/2025", "description": "Freelance", "value": 1000, "type": "entrada" },
        { "date": "07/05/2025", "description": "Restaurante", "value": 250, "type": "saida" },
        { "date": "10/05/2025", "description": "Internet", "value": 110, "type": "saida" },
        { "date": "12/05/2025", "description": "Consultoria", "value": 950, "type": "entrada" },
        { "date": "14/05/2025", "description": "Farmácia", "value": 200, "type": "saida" },
        { "date": "18/05/2025", "description": "Viagem", "value": 1200, "type": "saida" },
        { "date": "21/05/2025", "description": "Bônus empresa", "value": 500, "type": "entrada" }
      ],
      "creditTransactions": [
        { "date": "04/05/2025", "description": "Cartão Nubank", "value": 500, "type": "saida" },
        { "date": "08/05/2025", "description": "Cartão Itaú", "value": 450, "type": "saida" },
        { "date": "15/05/2025", "description": "Compras Mercado Livre", "value": 650, "type": "saida" },
        { "date": "22/05/2025", "description": "Curso de Inglês", "value": 300, "type": "saida" }
      ]
    },
    {
      "monthName": "Junho de 2025",
      "date": "2025-06",
      "debitTransactions": [
        { "date": "01/06/2025", "description": "Salário", "value": 5200, "type": "entrada" },
        { "date": "02/06/2025", "description": "Aluguel", "value": 1300, "type": "saida" },
        { "date": "03/06/2025", "description": "Supermercado", "value": 750, "type": "saida" },
        { "date": "05/06/2025", "description": "Academia", "value": 160, "type": "saida" },
        { "date": "06/06/2025", "description": "Freelance", "value": 1100, "type": "entrada" },
        { "date": "07/06/2025", "description": "Restaurante", "value": 270, "type": "saida" },
        { "date": "10/06/2025", "description": "Internet", "value": 120, "type": "saida" },
        { "date": "12/06/2025", "description": "Consultoria", "value": 1000, "type": "entrada" },
        { "date": "14/06/2025", "description": "Farmácia", "value": 220, "type": "saida" },
        { "date": "18/06/2025", "description": "Viagem", "value": 1300, "type": "saida" },
        { "date": "22/06/2025", "description": "Bônus empresa", "value": 600, "type": "entrada" }
      ],
      "creditTransactions": [
        { "date": "04/06/2025", "description": "Cartão Nubank", "value": 550, "type": "saida" },
        { "date": "08/06/2025", "description": "Cartão Itaú", "value": 480, "type": "saida" },
        { "date": "15/06/2025", "description": "Compras Americanas", "value": 700, "type": "saida" },
        { "date": "22/06/2025", "description": "Curso de Design", "value": 320, "type": "saida" }
      ]
    }
  ]
  