[
    {
        "name": "Abril de 2025",
        "date": "2025-04",
        "debitTransactions": [
            {
                "id": "1746124437632-9165",
                "date": "01/03/2025",
                "description": "teste",
                "value": 123.23,
                "type": "saida",
                "isRecurring": true,
                "day": "01"
            },
            {
                "id": "1746113889817-8173",
                "date": "01/04/2025",
                "description": "salario",
                "value": 7000,
                "type": "entrada",
                "isRecurring": true,
                "recurrenceId": "1746112340014-3843"
            },
            {
                "id": "1746113889817-7251",
                "date": "01/04/2025",
                "description": "talisson",
                "value": 400,
                "type": "saida",
                "isRecurring": true,
                "recurrenceId": "1746112431121-3171"
            },
            {
                "id": "1746113889817-1634",
                "date": "01/04/2025",
                "description": "condomino",
                "value": 500,
                "type": "saida",
                "isRecurring": true,
                "recurrenceId": "1746112642582-8719"
            },
            {
                "id": "1746113889817-4857",
                "date": "01/04/2025",
                "description": "terrano",
                "value": 800,
                "type": "saida",
                "isRecurring": true,
                "recurrenceId": "1746113002521-8484"
            },
            {
                "id": "1746124524741-7539",
                "date": "01/05/2025",
                "description": "teste2",
                "value": 2132.13,
                "type": "entrada",
                "isRecurring": false,
                "day": "01"
            }
        ],
        "creditTransactions": [
            {
                "id": "1746124552597-8324",
                "date": "01/03/2025",
                "description": "aaa",
                "value": 6756.75,
                "type": "saida",
                "isRecurring": true,
                "day": "01"
            },
            {
                "id": "1746113889817-5089",
                "date": "01/04/2025",
                "description": "seguro",
                "value": 300,
                "type": "saida",
                "isRecurring": true,
                "recurrenceId": "1746112385812-5267"
            }
        ]
    },
    {
        "name": "Maio de 2025",
        "date": "2025-05",
        "debitTransactions": [
            {
                "id": "1746124558849-2771",
                "date": "01/05/2025",
                "description": "salario",
                "value": 7000,
                "type": "entrada",
                "isRecurring": true,
                "recurrenceId": "1746112340014-3843"
            },
            {
                "id": "1746124558849-1607",
                "date": "01/05/2025",
                "description": "talisson",
                "value": 400,
                "type": "saida",
                "isRecurring": true,
                "recurrenceId": "1746112431121-3171"
            },
            {
                "id": "1746124558849-6802",
                "date": "01/05/2025",
                "description": "condomino",
                "value": 500,
                "type": "saida",
                "isRecurring": true,
                "recurrenceId": "1746112642582-8719"
            },
            {
                "id": "1746124558849-6100",
                "date": "01/05/2025",
                "description": "terrano",
                "value": 800,
                "type": "saida",
                "isRecurring": true,
                "recurrenceId": "1746113002521-8484"
            },
            {
                "id": "1746124558849-9083",
                "date": "01/05/2025",
                "description": "teste",
                "value": 123.23,
                "type": "saida",
                "isRecurring": true,
                "recurrenceId": "1746124437632-1392"
            }
        ],
        "creditTransactions": [
            {
                "id": "1746124558849-8712",
                "date": "01/05/2025",
                "description": "seguro",
                "value": 300,
                "type": "saida",
                "isRecurring": true,
                "recurrenceId": "1746112385812-5267"
            },
            {
                "id": "1746124558849-2856",
                "date": "01/05/2025",
                "description": "aaa",
                "value": 6756.75,
                "type": "saida",
                "isRecurring": true,
                "recurrenceId": "1746124552597-5934"
            }
        ]
    },
    {
        "name": "Junho de 2025",
        "date": "2025-06",
        "debitTransactions": [
            {
                "id": "1746124929702-2283",
                "date": "01/06/2025",
                "description": "salario",
                "value": 7000,
                "type": "entrada",
                "isRecurring": true,
                "recurrenceId": "1746112340014-3843"
            },
            {
                "id": "1746124929702-2081",
                "date": "01/06/2025",
                "description": "talisson",
                "value": 400,
                "type": "saida",
                "isRecurring": true,
                "recurrenceId": "1746112431121-3171"
            },
            {
                "id": "1746124929702-7420",
                "date": "01/06/2025",
                "description": "condomino",
                "value": 500,
                "type": "saida",
                "isRecurring": true,
                "recurrenceId": "1746112642582-8719"
            },
            {
                "id": "1746124929702-1832",
                "date": "01/06/2025",
                "description": "terrano",
                "value": 800,
                "type": "saida",
                "isRecurring": true,
                "recurrenceId": "1746113002521-8484"
            },
            {
                "id": "1746124929702-4566",
                "date": "01/06/2025",
                "description": "teste",
                "value": 123.23,
                "type": "saida",
                "isRecurring": true,
                "recurrenceId": "1746124437632-1392"
            }
        ],
        "creditTransactions": [
            {
                "id": "1746124929702-9620",
                "date": "01/06/2025",
                "description": "seguro",
                "value": 300,
                "type": "saida",
                "isRecurring": true,
                "recurrenceId": "1746112385812-5267"
            },
            {
                "id": "1746124929702-4651",
                "date": "01/06/2025",
                "description": "aaa",
                "value": 6756.75,
                "type": "saida",
                "isRecurring": true,
                "recurrenceId": "1746124552597-5934"
            }
        ]
    }
